{"cameraMode":{"drawMode":0,"name":"Shaded","section":"Shading Mode"},"sceneLighting":true,"audioPlay":false,"sceneViewState":{"showFog":true,"showMaterialUpdate":false,"showSkybox":true,"showFlares":true,"showImageEffects":true,"showParticleSystems":true},"in2DMode":false,"pivot":{"x":-0.18352079391479493,"y":0.47963523864746096,"z":-0.1345963478088379},"rotation":{"x":-0.00079970748629421,"y":-0.9923882484436035,"z":0.005939679220318794,"w":-0.12334141880273819},"size":16.90855598449707,"orthographic":true}